name,class,mz,rt_ref_run_min,iRT
PC 6:0_6:0,PC,454.2564264,1.455,1.0
PC 9:0_9:0,PC,538.3503314000001,4.118,14.07788084726425
PC 11:0_11:0,PC,594.4129314,5.806,22.367577756833178
PC 12:0_12:0,PC,622.4442314,6.847,27.479884914926338
PC 13:0_13:0,PC,650.4755324,8.093,33.59893843940672
PC 14:0_14:0,PC,678.5068324,9.513,40.57249863584503
PC 16:0_18:2,PC,758.5694324,11.726,51.44044843494221
PC 16:0_18:1,PC,760.5850824,12.903,57.220645865370315
PC 18:0_18:1,PC,788.6163824,14.51,65.11255518626916
PC 18:0_18:0,PC,790.6320324000001,15.813,71.51153331018403
DG 16:0_18:0,DG,614.5718013999999,16.99,77.29173074061214
DG 18:0_18:0,DG,642.6031013999999,17.995,82.22724341485193
CE 20:5,CE,688.6027064,20.476,94.41132992707973
CE 18:1,CE,668.6340064,21.614,100.0
