mz_src,rt_src,rt_ref,source,kept
594.4125,2.882,5.806,standards,True
650.4751,4.514,8.093,standards,True
758.5686,7.368,11.726,standards,True
760.5845,8.422,12.903,standards,True
678.5062,5.626,9.513,standards,True
642.6024,15.068,17.995,standards,True
790.6311,11.08,15.813,standards,True
614.5711,12.658,16.99,standards,True
455.2588,1.056,1.455,standards,True
1321.2407,18.419,21.614,standards,True
369.3511,17.433,21.627,standards,True
579.5335,12.631,16.982,standards,True
1267.1712,15.068,17.99,standards,True
1359.1709,17.433,20.471,standards,True
907.5045,1.056,1.442,standards,True
476.2378,1.029,1.455,standards,True
1211.1087,12.658,16.982,standards,True
354.4092,2.468,4.921,standards,True
607.5652,15.013,17.99,standards,True
1361.1774,17.433,24.229,standards,False
1187.8175,2.881,5.796,standards,True
1216.0637,12.631,16.982,standards,True
1315.2032,18.035,21.155,standards,True
668.6249,18.035,21.614,standards,True
1272.1264,15.013,17.995,standards,True
560.3312,1.726,4.123,standards,True
616.3943,2.826,5.806,standards,True
782.5662,8.395,12.903,standards,True
700.488,5.654,9.518,standards,True
672.4569,4.514,8.093,standards,True
810.5973,9.834,14.51,standards,True
644.4255,3.574,6.847,standards,True
929.4863,1.056,1.436,standards,True
341.3045,12.685,17.995,standards,True
1293.2191,18.419,21.601,standards,True
691.6116,17.433,20.697,standards,True
625.5761,15.068,17.995,standards,True
1302.2081,18.419,21.614,standards,True
684.6286,18.419,19.71,standards,False
597.5447,12.658,16.99,standards,True
619.526,12.876,16.99,standards,True
647.5578,14.959,17.995,standards,True
653.5328,6.732,13.579,standards,False
715.6127,17.433,20.476,standards,True
700.6025,17.159,20.194,standards,True
848.6841,11.053,15.808,standards,True
655.5975,12.658,16.99,standards,True
876.7917,17.789,21.35,standards,True
729.6286,17.433,20.476,standards,True
736.5592,5.626,9.513,standards,True
596.4027,1.781,4.123,standards,True
686.5869,16.913,20.073,standards,True
647.458,12.849,17.254,standards,True
700.6234,18.419,18.64,standards,False
641.5819,12.631,16.99,standards,True
904.8235,18.117,21.779,standards,True
671.5736,18.008,21.155,standards,True
512.309,1.056,1.459,standards,True
972.8172,18.611,21.974,standards,True
850.7763,17.789,21.285,standards,True
709.66,18.446,21.61,standards,True
496.3396,2.001,4.461,standards,True
664.6027,17.652,20.696,standards,True
786.6005,8.752,13.111,standards,False
902.8073,17.844,21.389,standards,True
651.6077,18.419,21.597,standards,True
874.776,17.488,20.965,standards,True
812.6041,9.807,15.813,standards,True
764.5965,8.412,11.076,standards,False
762.601,9.028,14.289,standards,True
900.7917,17.515,21.043,standards,True
877.7942,17.789,21.285,standards,True
1319.2168,18.035,21.614,standards,True
707.6447,18.035,21.16,standards,True
848.7606,17.488,20.945,standards,True
780.5414,6.596,11.726,standards,True
695.5635,17.378,15.523,standards,False
685.4356,8.724,13.094,standards,False
706.5381,6.897,11.076,standards,True
682.6127,18.446,19.315,standards,False
702.6091,17.159,20.714,standards,True
898.7763,17.159,20.61,standards,True
649.5918,18.008,21.155,standards,True
649.5643,15.067,13.514,standards,False
691.5422,16.913,20.069,standards,True
688.5936,16.913,20.476,standards,True
367.3356,17.488,18.203,standards,False
818.6287,7.368,12.903,standards,True
1346.2445,18.419,21.632,standards,True
670.6259,15.04,18.826,standards,True
669.6126,18.446,17.995,standards,False
891.8209,18.473,21.285,standards,True
937.835,19.936,23.375,standards,False
915.8113,17.789,20.965,standards,True
454.2556,9.772,1.455,standards,False
915.853,19.936,23.381,standards,False
652.4626,4.522,5.806,standards,False
901.7251,17.159,20.211,standards,True
695.6369,18.008,21.658,standards,True
925.8059,17.707,20.614,standards,True
566.3813,2.277,4.938,standards,True
673.5799,18.035,21.61,standards,True
707.4912,8.724,13.094,standards,False
903.7406,17.515,20.627,standards,True
816.6123,6.65,11.726,standards,True
1386.1853,17.433,20.476,standards,True
959.8849,18.831,23.376,standards,False
693.6286,17.816,21.16,standards,True
788.6071,8.779,14.51,standards,True
1343.1479,17.406,18.48,standards,False
709.624,18.035,19.311,standards,False
931.8523,18.172,21.783,standards,True
666.6096,17.652,21.16,standards,True
871.7154,18.117,21.32,standards,True
734.5609,7.065,12.687,standards,True
725.6472,15.067,19.709,standards,False
538.3495,9.772,4.118,standards,False
714.6015,17.05,16.544,standards,False
645.5538,12.767,18.185,standards,True
593.4609,3.074,13.077,standards,False
846.6686,8.422,14.51,standards,True
579.4444,2.496,13.358,standards,False
669.5582,17.652,20.696,standards,True
941.8275,17.844,21.025,standards,True
574.4906,5.572,13.371,standards,False
614.5265,12.794,12.332,standards,False
818.6538,11.272,16.99,standards,True
872.7602,17.159,20.575,standards,True
909.7784,18.145,21.783,standards,True
973.9008,19.024,23.372,standards,False
723.6412,23.23,19.311,standards,False
693.549,17.022,20.454,standards,True
703.5638,15.26,18.185,standards,True
945.8693,18.693,21.779,standards,True
728.5226,5.406,11.076,standards,False
622.4438,7.368,6.847,standards,False
683.628,12.822,17.995,standards,True
577.5188,17.816,21.285,standards,True
705.6372,17.816,20.697,standards,True
708.5194,16.913,8.093,standards,False
896.7605,16.83,20.211,standards,True
959.847,17.925,20.091,standards,False
855.7314,17.843,21.298,standards,True
687.5688,15.426,19.311,standards,True
705.5792,15.84,18.636,standards,True
913.8063,17.844,20.588,standards,True
670.5617,17.679,14.852,standards,False
548.5032,12.603,15.57,standards,False
739.6356,23.23,18.185,standards,False
932.8668,23.065,23.376,standards,False
665.5866,23.422,18.849,standards,False
698.608,23.422,18.185,standards,False
482.2922,2.221,2.149,standards,False
510.3192,1.42,3.186,standards,True
680.5977,15.232,18.185,standards,True
1019.9419,19.107,21.614,standards,True
730.5995,18.969,15.553,standards,False
712.5866,23.065,15.57,standards,False
647.5761,15.426,18.186,standards,True
710.6287,16.913,17.722,standards,False
741.6514,18.997,18.64,standards,False
638.5434,23.202,17.233,standards,False
663.5714,15.675,18.484,standards,True
936.8222,17.788,19.727,standards,False
727.6364,23.865,18.636,standards,False
679.5675,23.23,17.077,standards,False
721.5,3.129,13.094,standards,False
681.5813,23.477,16.666,standards,False
894.7535,18.282,19.796,standards,False
663.4531,16.198,13.094,standards,False
680.48,16.033,13.094,standards,False
711.6326,16.226,19.71,standards,True
635.4561,23.394,13.427,standards,False
759.5718,7.394,11.732,sample,True
1316.2067,18.037,21.162,sample,True
1317.2099,18.037,21.158,sample,True
1323.2573,18.393,22.106,sample,True
784.5747,7.149,12.2,sample,True
991.6714,2.001,4.452,sample,True
762.5919,8.407,14.295,sample,True
647.4588,12.92,17.261,sample,True
812.607,8.543,13.806,sample,True
850.7766,17.737,21.288,sample,True
904.8234,18.147,21.729,sample,True
742.575,8.024,12.516,sample,True
1289.1881,17.983,21.101,sample,True
692.625,17.819,21.262,sample,True
848.7607,17.382,20.881,sample,True
546.3525,2.633,5.406,sample,True
900.792,17.491,20.997,sample,True
714.6184,17.6,20.703,sample,True
824.7613,17.71,21.262,sample,True
1263.1724,17.955,21.062,sample,True
612.5567,11.125,15.854,sample,True
480.3447,2.221,4.82,sample,True
815.6908,11.125,17.058,sample,True
510.355,2.275,4.929,sample,True
822.7454,17.354,20.833,sample,True
813.6753,9.888,15.845,sample,True
689.559,6.274,10.248,sample,True
1319.2173,18.037,21.625,sample,True
482.3604,2.303,4.924,sample,True
780.5509,7.312,11.741,sample,True
880.8239,18.393,22.084,sample,True
898.7762,17.163,20.608,sample,True
872.7611,17.163,20.556,sample,True
494.324,1.645,3.684,sample,True
413.2659,3.598,6.664,sample,True
804.5461,3.598,11.551,sample,False
1308.2449,18.393,21.591,sample,True
706.5377,6.93,11.087,sample,True
542.3214,1.757,3.987,sample,True
1342.9277,8.735,13.092,sample,False
787.6603,9.888,15.863,sample,True
906.8394,18.42,22.093,sample,True
1013.6534,2.003,4.456,sample,True
733.6132,8.243,13.304,sample,True
1311.1725,17.627,20.729,sample,True
642.6096,17.955,21.608,sample,True
864.7926,17.928,21.5,sample,True
796.7298,17.301,20.798,sample,True
1237.1567,17.928,21.049,sample,True
548.3706,2.221,4.872,sample,True
770.5969,7.997,12.884,sample,True
781.5542,7.312,11.741,sample,True
904.5904,6.52,11.533,sample,True
449.3371,3.596,6.664,sample,True
1341.2193,18.092,21.236,sample,True
846.7455,17.026,20.461,sample,True
510.3918,2.989,5.935,sample,True
482.324,1.756,3.953,sample,True
809.5782,6.821,13.347,sample,False
429.2398,3.623,6.664,sample,True
707.645,17.983,21.179,sample,True
796.6128,8.106,14.166,sample,True
719.5694,6.41,20.694,sample,False
734.5604,7.121,12.689,sample,True
744.5814,7.997,12.728,sample,True
1148.8429,7.394,11.732,sample,True
554.3924,2.027,4.46,sample,True
468.3084,1.561,3.423,sample,True
862.7768,17.6,21.084,sample,True
820.7297,16.944,20.4,sample,True
826.5954,6.328,11.551,sample,True
694.6411,18.147,21.526,sample,True
550.3864,2.687,5.532,sample,True
1267.204,18.393,21.604,sample,True
890.8084,17.955,21.53,sample,True
690.6094,17.409,20.92,sample,True
1313.1792,17.627,21.019,sample,True
746.597,8.216,13.88,sample,True
828.5509,6.821,11.226,sample,True
794.7144,16.944,20.322,sample,True
703.5546,6.848,18.179,sample,False
582.4239,2.606,5.406,sample,True
876.6838,11.07,15.945,sample,True
823.6668,12.007,19.915,sample,False
836.7612,17.573,21.062,sample,True
774.5919,8.051,13.707,sample,True
725.6187,15.187,18.183,sample,True
508.3758,2.852,5.08,sample,True
614.5873,17.928,21.045,sample,True
797.6542,9.228,19.863,sample,False
682.6042,15.187,18.287,sample,True
435.3214,3.596,6.664,sample,True
670.6402,18.037,22.11,sample,True
776.571,7.394,11.087,sample,False
615.4964,9.953,14.676,sample,True
695.5737,17.846,20.907,sample,True
759.6297,8.489,14.347,sample,True
810.7455,17.573,21.036,sample,True
820.5848,7.476,12.036,sample,True
811.6597,8.762,14.62,sample,True
367.3358,18.092,18.287,sample,False
709.6241,15.434,18.283,sample,True
1276.1926,18.42,21.612,sample,True
834.5916,6.957,12.832,sample,True
716.5228,7.668,12.062,sample,True
728.5592,9.778,14.516,sample,True
888.7926,17.628,21.132,sample,True
804.6118,9.832,12.901,sample,False
657.4861,10.106,14.871,sample,True
746.5604,6.711,12.105,sample,True
768.6985,16.835,20.283,sample,True
721.5069,12.92,13.092,sample,False
822.564,6.849,8.555,sample,False
807.6356,9.696,14.616,sample,True
861.764,17.354,20.4,sample,True
790.5725,7.997,11.949,sample,False
1047.7281,2.112,5.397,sample,True
667.6128,17.627,21.158,sample,True
715.6062,15.16,20.478,sample,False
1390.1982,15.269,20.911,sample,False
478.3285,2.001,4.456,sample,True
1293.4041,17.354,21.617,sample,True
632.634,15.296,18.175,sample,True
806.5575,7.204,11.239,sample,False
902.7878,18.147,20.703,sample,True
917.8184,17.791,21.322,sample,True
673.5829,15.296,20.915,sample,False
772.6126,8.325,14.356,sample,True
782.7232,17.873,11.551,sample,False
840.6223,6.548,11.551,sample,True
838.6228,9.091,14.317,sample,True
865.7955,17.928,21.262,sample,True
638.5634,10.106,16.019,sample,True
801.676,10.41,16.503,sample,True
832.7388,17.71,20.197,sample,True
808.7297,17.19,20.582,sample,True
915.8031,17.491,20.95,sample,True
1360.2721,16.834,21.634,sample,False
846.6599,8.708,14.516,sample,True
681.6363,18.037,21.058,sample,True
891.6839,17.163,20.166,sample,True
1250.1768,18.393,21.604,sample,True
1356.2147,18.092,21.171,sample,True
919.8342,18.092,21.716,sample,True
568.3372,1.892,3.818,sample,True
806.7232,17.846,11.239,sample,False
923.7467,18.174,21.434,sample,True
739.6344,14.858,18.183,sample,True
1473.3564,18.037,21.232,sample,True
834.5891,8.568,13.811,sample,True
808.5749,7.75,11.724,sample,False
860.7613,17.272,20.712,sample,True
818.6299,7.45,12.901,sample,True
732.5452,6.081,11.326,sample,True
695.6368,17.983,21.647,sample,True
764.52,8.707,11.551,sample,False
911.7794,17.163,20.188,sample,True
879.7319,17.464,20.971,sample,True
835.6576,9.888,15.845,sample,True
1383.9546,8.707,13.092,sample,False
524.5037,7.532,5.401,sample,False
835.7484,17.301,20.322,sample,True
925.7885,17.217,20.625,sample,True
922.7742,17.19,20.478,sample,True
818.7144,16.559,19.915,sample,True
969.8681,18.061,21.456,sample,True
709.6518,18.037,21.63,sample,True
865.6684,17.027,20.019,sample,True
785.6453,8.571,14.62,sample,True
645.5581,17.928,21.058,sample,True
887.5636,6.492,11.529,sample,True
705.6293,17.627,20.738,sample,True
947.8845,18.969,22.089,sample,True
656.625,18.201,21.777,sample,True
844.7301,16.669,20.036,sample,True
506.3594,2.632,5.397,sample,True
770.5596,7.04,11.139,sample,True
575.503,17.491,14.668,sample,False
794.5965,7.668,12.694,sample,True
812.6055,9.778,13.434,sample,False
683.6415,10.382,21.586,sample,False
591.4966,10.934,15.681,sample,True
859.7494,16.945,19.915,sample,True
688.6026,15.132,20.482,sample,False
766.6831,16.367,19.759,sample,True
836.6061,9.145,13.3,sample,False
922.7556,16.092,19.906,sample,True
885.7654,17.027,20.036,sample,True
881.7468,17.819,21.331,sample,True
891.8029,17.737,21.279,sample,True
634.5413,9.585,13.629,sample,False
685.5534,15.68,18.491,sample,True
748.5267,8.757,12.33,sample,False
649.5828,15.16,21.162,sample,False
870.746,16.835,20.192,sample,True
551.5032,17.736,21.275,sample,True
693.558,17.407,20.478,sample,True
825.6848,10.383,20.383,sample,False
833.733,16.916,19.859,sample,True
853.7166,17.382,20.85,sample,True
834.7455,17.272,20.651,sample,True
518.3169,0.594,4.46,sample,False
675.5984,17.818,22.11,sample,True
663.5677,10.106,18.495,sample,False
663.4536,12.818,13.092,sample,False
866.6285,6.82,11.706,sample,True
691.6126,17.409,20.738,sample,True
830.5568,6.82,11.706,sample,True
820.6123,7.778,13.806,sample,True
903.7324,17.164,20.625,sample,True
800.6077,8.215,14.148,sample,True
943.8332,17.846,21.383,sample,True
810.7544,18.502,13.161,sample,False
647.5677,15.187,18.283,sample,True
677.5833,10.051,14.876,sample,True
636.548,8.953,14.871,sample,True
792.6287,9.832,12.693,sample,False
905.7474,17.516,21.019,sample,True
945.8483,18.174,21.742,sample,True
844.6443,7.751,13.347,sample,True
877.7165,17.164,20.556,sample,True
792.5795,7.395,12.473,sample,True
673.5797,17.983,21.638,sample,True
747.6295,8.981,18.218,sample,False
864.6207,6.329,11.235,sample,True
907.759,18.147,21.404,sample,True
792.699,16.505,19.863,sample,True
886.7767,17.327,20.764,sample,True
827.7002,17.354,20.816,sample,True
941.8179,17.489,21.01,sample,True
814.6226,6.656,14.772,sample,False
772.5764,7.04,12.538,sample,True
855.731,17.709,21.288,sample,True
643.5186,10.106,16.014,sample,True
928.8225,17.545,21.409,sample,True
889.7861,17.409,20.868,sample,True
1320.1519,15.378,21.179,sample,False
744.5457,8.789,10.945,sample,False
854.6271,8.652,13.161,sample,False
725.5479,5.804,11.04,sample,True
740.6676,16.278,19.707,sample,True
680.4725,3.322,13.092,sample,False
701.4094,8.73,13.083,sample,False
768.581,7.149,12.538,sample,True
717.5812,6.465,11.871,sample,True
1338.1919,17.737,20.729,sample,True
1352.1354,8.189,18.283,sample,False
816.6194,6.684,11.741,sample,True
730.5322,6.876,10.161,sample,False
880.707,12.369,19.902,sample,False
837.6728,11.152,17.058,sample,True
951.8052,17.297,20.85,sample,True
937.7896,15.818,20.21,sample,False
756.5451,5.888,10.39,sample,True
799.6612,9.228,15.404,sample,True
892.6544,8.134,12.849,sample,True
807.7176,16.835,19.759,sample,True
893.8192,18.092,21.699,sample,True
923.7681,16.504,20.21,sample,True
917.6992,17.327,20.21,sample,True
601.5189,17.436,14.871,sample,False
758.7295,18.393,11.732,sample,False
729.6221,15.269,20.478,sample,False
752.5492,6.684,14.304,sample,False
890.7715,17.491,18.72,sample,False
803.539,6.274,6.659,sample,False
653.5828,11.207,15.85,sample,True
369.3486,4.698,21.166,sample,False
850.66,9.668,15.707,sample,True
899.7101,16.999,19.794,sample,True
544.3366,1.945,3.918,sample,True
826.5863,4.534,10.031,sample,False
848.5375,7.477,11.76,sample,True
809.7326,17.163,20.279,sample,True
671.5645,17.627,21.175,sample,True
711.5677,6.875,18.222,sample,False
883.7586,16.971,21.734,sample,False
773.6448,9.2,15.153,sample,True
740.5188,5.776,11.875,sample,False
680.6256,18.065,21.357,sample,True
750.5338,7.751,12.858,sample,True
868.6537,7.149,13.161,sample,True
733.6173,23.038,18.222,sample,False
664.6026,8.571,20.729,sample,False
824.6444,9.109,15.707,sample,True
754.5352,7.177,9.983,sample,False
603.5344,6.683,16.014,sample,False
669.5499,5.888,20.738,sample,False
931.8528,17.791,21.502,sample,True
731.6386,11.125,20.911,sample,False
963.8051,15.269,20.474,sample,False
639.4965,9.558,13.629,sample,False
926.8041,15.433,21.301,sample,False
878.8054,23.38,21.712,sample,True
871.7296,17.163,15.85,sample,False
842.6272,6.547,12.204,sample,True
952.8241,17.818,21.244,sample,True
909.7739,17.19,21.755,sample,False
798.5818,2.825,6.659,sample,True
768.5517,7.751,13.49,sample,True
753.579,7.094,12.694,sample,True
822.6282,8.188,14.235,sample,True
783.6279,7.421,13.088,sample,True
475.4148,10.713,15.568,sample,True
832.5766,6.053,13.161,sample,False
920.7563,9.448,20.279,sample,False
913.7878,17.163,20.556,sample,True
842.719,12.783,19.616,sample,False
939.8021,17.164,20.608,sample,True
1293.2117,23.121,21.612,sample,True
802.5856,7.586,8.953,sample,False
870.6586,6.629,13.811,sample,False
809.6418,9.696,15.863,sample,True
711.6726,12.035,22.11,sample,False
880.5848,8.926,11.685,sample,False
830.6278,5.914,13.347,sample,False
698.5994,14.472,18.188,sample,True
640.594,17.546,21.062,sample,True
717.622,23.313,20.902,sample,True
935.774,15.104,19.794,sample,False
1334.2554,18.529,21.612,sample,True
802.6059,6.711,11.741,sample,True
684.202,17.983,13.663,sample,False
965.821,14.912,20.846,sample,False
893.6921,17.132,20.543,sample,True
796.5761,6.684,12.356,sample,True
932.8645,22.733,22.106,sample,True
706.6043,15.05,18.253,sample,True
766.5639,8.025,12.295,sample,False
553.4594,10.662,15.568,sample,True
589.5308,10.713,15.568,sample,True
757.6126,7.203,12.992,sample,True
1315.2031,23.352,21.162,sample,True
718.5655,7.75,13.516,sample,True
929.7901,15.79,18.17,sample,True
577.5101,9.887,21.301,sample,False
901.717,16.807,20.21,sample,True
1298.1586,15.406,21.158,sample,False
641.5034,8.953,14.876,sample,True
680.5976,23.38,18.183,sample,False
879.5294,6.411,21.708,sample,False
675.5351,4.615,9.473,sample,False
610.5318,8.811,14.672,sample,True
741.6226,11.235,20.712,sample,False
774.5558,4.478,7.671,sample,True
816.6988,16.092,19.443,sample,True
719.6374,17.163,21.262,sample,True
707.6086,17.6,18.491,sample,False
705.5813,11.098,11.655,sample,False
993.9263,18.675,21.608,sample,True
852.6589,9.146,12.693,sample,False
1361.1727,23.121,20.712,sample,True
721.6178,8.926,18.491,sample,False
745.6142,7.778,13.525,sample,True
1363.1843,23.121,20.911,sample,True
849.6824,11.98,20.028,sample,False
569.4334,10.686,15.568,sample,True
961.7821,9.832,20.279,sample,False
701.5491,10.216,9.75,sample,False
723.6312,15.652,18.283,sample,True
790.5586,2.876,7.671,sample,False
858.7444,16.917,20.309,sample,True
603.5262,10.051,21.327,sample,False
888.755,14.61,18.179,sample,True
722.5996,13.752,18.097,sample,True
709.5486,6.902,17.646,sample,False
763.6342,15.406,18.084,sample,True
883.75,16.669,19.612,sample,True
796.5739,8.079,12.096,sample,False
818.5946,8.107,12.347,sample,False
469.3611,3.181,9.183,sample,False
852.791,23.423,21.695,sample,True
949.7894,16.916,20.478,sample,True
654.6181,23.039,21.357,sample,True
887.7716,17.054,20.461,sample,True
904.7501,13.835,18.049,sample,True
755.638,14.253,20.712,sample,False
776.5515,7.915,13.945,sample,True
867.6772,17.025,20.453,sample,True
764.6673,15.899,19.24,sample,True
650.6363,13.169,18.179,sample,True
781.6107,10.19,14.347,sample,False
924.7889,23.121,20.863,sample,True
577.5184,6.383,15.845,sample,False
733.6534,23.133,21.257,sample,True
720.5815,8.024,13.707,sample,True
863.769,16.999,20.824,sample,True
837.756,17.3,20.79,sample,True
809.6451,7.942,13.352,sample,True
1019.9422,19.08,21.621,sample,True
971.8846,18.722,21.777,sample,True
894.746,16.587,19.794,sample,True
724.5262,9.436,12.676,sample,False
1017.9271,15.405,21.158,sample,False
921.8584,18.694,22.076,sample,True
729.581,6.383,11.347,sample,True
687.5601,14.721,18.292,sample,True
930.8329,23.066,21.751,sample,True
946.7712,13.724,20.331,sample,False
827.6916,10.355,16.231,sample,True
896.7559,23.121,20.21,sample,False
856.5714,2.359,12.832,sample,False
868.7309,16.505,19.863,sample,True
707.4911,12.81,13.092,sample,False
727.555,13.779,18.079,sample,True
948.7873,23.313,20.72,sample,True
429.3679,6.191,12.468,sample,False
548.5035,18.475,15.568,sample,False
833.6452,8.947,14.616,sample,True
798.5547,2.961,8.611,sample,False
875.7011,16.725,20.184,sample,True
876.5591,7.75,13.352,sample,True
685.4346,12.812,13.092,sample,False
697.6534,16.12,22.11,sample,False
851.6986,14.112,20.452,sample,False
906.7647,16.119,18.599,sample,True
391.2838,15.187,6.664,sample,False
857.7274,16.638,19.443,sample,True
761.6194,10.106,11.031,sample,False
878.6898,12.118,16.897,sample,True
838.7768,20.102,21.469,sample,True
617.5118,23.505,15.845,sample,False
