label,lipid_class,rt_src,rt_ref,residual_min,loo_residual_min,n_isomer_candidates,isomer_rts,pick_refined,dropped_by_sanity_filter
LPC 18:2,LPC,1.757,3.987,0.27080242411999267,-0.1386439326258321,0,,False,False
LPC 16:0,LPC,2.001,4.456,0.2587556772162918,-0.1358508312856375,0,,False,False
LPC 18:1,LPC,2.111,4.642,0.230949148356145,-0.11934689152177302,0,,False,False
LPC 18:0,LPC,2.605,5.401,0.09608217128660357,0.012898233455306524,0,,False,False
PC 36:4,PC,6.52,11.551,-0.0339024664030525,0.003831556370456124,0,,True,False
PC 34:2,PC,6.656,11.732,-0.02914197330335888,0.03246756967625155,0,,True,False
SM 34:1;O2,SM,6.876,11.057,-0.9443341066586992,,0,,False,True
SM 36:1;O2,SM,7.093,12.694,0.5084942348212955,,0,,True,True
PC 34:1,PC,7.394,12.901,0.35607636637731765,-0.2368509958546614,0,,True,False
PC 36:2,PC,7.75,13.343,0.301420842298997,-0.2951065306279498,0,,True,False
PC 38:4,PC,7.887,13.161,-0.12918174600301846,0.2831588223926191,0,,True,False
PC 36:1,PC,8.762,14.508,0.12742846845777223,-0.19844500868731182,0,,True,False
TG 52:3,TG,17.791,20.95,-0.22985151051291908,0.05019711456038298,0,,False,False
CE 18:2,CE,18.037,21.158,-0.24766133206610164,0.2918969256345538,0,,False,False
TG 52:2,TG,18.092,21.318,-0.16374789432737913,0.015284617272223494,0,,False,False
TG 54:3,TG,18.147,21.365,-0.19731570477579297,0.1310335030043946,0,,False,False
CE 18:1,CE,18.42,21.625,0.0626842952242086,-0.18651496125725942,0,,True,False
